id;first_name;last_name;email;
74C7aA4pzvsT;Shalna;Maylard;;
zeWA8EgACwoM;Sam;Thunderchief;sthunderchief1@japanpost.jp;
GhMAJXW6a1o7;Alastair;Harvey;aharvey2@gmpg.org;
Ao2o9mayQSgD;Deonne;Perez;dperez3@gmpg.org;
iLdVotrJJbYr;Tomasine;Danihel;tdanihel4@addtoany.com;
ByJ56CRdKTda;Jeremy;Adin;jadin5@unicef.org;
Ibnf1RtzmAi9;Lise;Malek;lmalek6@tinypic.com;
R91AaWNSMUDf;Cross;Ganning;;
xgfCjHt5K7KU;Eward;Passby;epassby8@wufoo.com;
QsZLcVaUdghf;Yevette;Mansour;ymansour9@reverbnation.com;
XpXxFinJsDhl;Gill;Matten;gmattena@aboutads.info;
aYSdpBSDYyT5;Arleta;Clinkard;aclinkardb@linkedin.com;
BCdMHs9Wgt5x;Tan;Seldon;tseldonc@php.net;
F2Ec5yRLYTSV;Cirstoforo;Sibille;csibilled@360.cn;
LLdJbVvbivNg;Sullivan;Bende;sbendee@is.gd;
L0Hk1zUArMsm;Nikolas;Ebben;nebbenf@virginia.edu;
cwVjGj6rvd0D;Elwin;Esherwood;;
PtBX08jWJt7d;Aile;Croal;;
kevH8TUuPrlF;Garwin;Waylen;gwayleni@shinystat.com;
nYPw8H1dN0t1;Indira;Madigan;imadiganj@cocolog-nifty.com;
rm8R4KgURptN;Tricia;Pigney;tpigneyk@answers.com;
6INTnFRF92N1;Hercule;McKilroe;;
ZEBl8scQ3UVX;Dredi;Nowlan;dnowlanm@flickr.com;
6xatitZnObAm;Francisco;Huxley;fhuxleyn@devhub.com;
WdpZDVQOKrOc;Kristopher;Plimmer;kplimmero@mayoclinic.com;
ckPCW62DmRlL;Melva;Blazewski;mblazewskip@w3.org;
OfbHyfsY6y4t;Kile;Sloan;ksloanq@1688.com;
C319kCeRn6DH;Goldia;Kuzma;gkuzmar@ft.com;
RKnRgNQHEafv;Sonia;Ousby;sousbys@joomla.org;
Q6qRVnPiHp5X;Nerita;Phippin;nphippint@hubpages.com;
e4aHFgDo57CB;Anni;Cristofolo;acristofolou@reddit.com;
L7PoKZNqcpz6;Marilee;Kittel;mkittelv@freewebs.com;
iWBxcXaay1xk;Sanson;Jervois;sjervoisw@dyndns.org;
enVIbGovEZDf;Connie;Vasenkov;cvasenkovx@fastcompany.com;
moo3hYMPR3en;Min;Goodie;mgoodiey@upenn.edu;
YWTBMlhMgpJU;Darin;Joye;djoyez@intel.com;
EU0tESFGOIQY;Catharine;Creaven;ccreaven10@columbia.edu;
aXxhzn6fVbDw;Kimbra;Royl;;
Wd80CzCymp5O;Paten;Scruton;pscruton12@yolasite.com;
Cm7JHIHpohCi;Paquito;Amar;pamar13@etsy.com;
ELdOmzRB4hYU;Mora;Abbitt;mabbitt14@woothemes.com;
uahSsfFPFDMy;Hulda;Robert;hrobert15@prnewswire.com;
25M6tJh6RdZr;Catha;Oda;coda16@ibm.com;
B7YAlNUmSHzT;Hastie;Diviney;hdiviney17@princeton.edu;
BHcE1zNTYSgX;Wynne;Davidovics;wdavidovics18@joomla.org;
4rLn6p20q9Gx;Dagny;Legg;dlegg19@sogou.com;
MPtmQJ5JujyL;Neils;Heighway;;
8H8yD2dvELMx;Chery;Faulks;cfaulks1b@guardian.co.uk;
HdNEs0QGnTtU;Elfrida;Priscott;epriscott1c@jigsy.com;
AOS4NfkxqACk;Robby;Finnes;rfinnes1d@dropbox.com;
eeCd64c8SeLM;Delia;Mariette;dmariette1e@newsvine.com;
PK5VFjHfvsMF;Clem;Goodyear;cgoodyear1f@nationalgeographic.com;
Ib0zMEd2A5Vl;Toinette;Collomosse;tcollomosse1g@printfriendly.com;
YFfLARpoTZ51;Giana;Euesden;geuesden1h@mashable.com;
xQEpxt3fbEZ7;Devan;Fehner;dfehner1i@studiopress.com;
cXue5m18TLzJ;Jarid;Denyer;jdenyer1j@pagesperso-orange.fr;
TzkgI0xAx5gQ;Esteban;Flegg;eflegg1k@sitemeter.com;
NGxzxyDzb6WZ;Dory;Bonnaire;dbonnaire1l@pbs.org;
vGcFB5EiYNV6;Valeria;Croke;vcroke1m@ucsd.edu;
6xqOlJYJqgss;Odell;Riccioppo;oriccioppo1n@wired.com;
1JzbZGxsdfkm;Pedro;Coldwell;pcoldwell1o@theatlantic.com;
KiJHHpTe4tZS;Crista;Clews;;
2lVa5CBHFm35;Thane;Taffley;ttaffley1q@ft.com;
bNWvpESR8fwg;Barde;Mockes;bmockes1r@cyberchimps.com;
Z3akylHZBRKJ;Bab;Peckham;bpeckham1s@tinyurl.com;
9DdoPlz65Q1M;Janene;Marielle;jmarielle1t@phoca.cz;
1igKuY46d8jU;Donovan;Meadley;dmeadley1u@engadget.com;
1detquI3LswN;Maxine;Tatham;mtatham1v@dagondesign.com;
lwL0XURt8Ls2;Dicky;Jeannon;djeannon1w@barnesandnoble.com;
FJsoX8xW2MCk;Janina;Timmens;jtimmens1x@pagesperso-orange.fr;
XYGraBbm0Bva;Sandye;Cotta;scotta1y@miibeian.gov.cn;
o68JlyWkiLiF;Miguel;Bendare;mbendare1z@youtu.be;
AXsep8GjUDlh;Theodora;Hayesman;thayesman20@wikispaces.com;
omGO04fyVLgy;Damien;Dwire;ddwire21@altervista.org;
yAcyUh5amPpZ;Petey;Dodsley;pdodsley22@apache.org;
aBYtEQ8vOUWS;Fraser;Attree;;
zkKkuURIwefL;Rozanne;Willerton;rwillerton24@odnoklassniki.ru;
GSSJLFNNTTKw;Blithe;Thomkins;bthomkins25@arizona.edu;
BjErwNUog66o;Charla;Andres;candres26@123-reg.co.uk;
tFm3LMzzUhsr;Waylan;Wootton;wwootton27@reddit.com;
QS0CNLwnJoN1;Ninette;Beddows;nbeddows28@lycos.com;
LRUF1B04SdHM;Cristy;Lundy;clundy29@rakuten.co.jp;
LozSrKb9OnrV;Tadio;Antoniades;tantoniades2a@ucsd.edu;
nIXthr67GqPB;Kenny;MacGillivrie;kmacgillivrie2b@phpbb.com;
CpbbkYww4YIr;Fraze;Daubney;fdaubney2c@wunderground.com;
tHrCgDQv53dT;Ashli;Lequeux;alequeux2d@t.co;
eZip3Adn9vPn;Cathrine;Bembrigg;cbembrigg2e@alibaba.com;
6ROYHEBxOQgw;Clementia;Aspy;caspy2f@jimdo.com;
M3N9cF9ErWSN;Lester;Akrigg;lakrigg2g@businesswire.com;
drKgxFSadpGi;Arley;Maharg;amaharg2h@fastcompany.com;
jBFoSD5jPDNi;Laird;Goodboddy;lgoodboddy2i@etsy.com;
2qdOYz66mOav;Care;Barley;cbarley2j@dyndns.org;
KaH9D6kv9pHn;Orrin;Doudny;odoudny2k@indiatimes.com;
P39ArwllTQsO;Garvey;Evason;gevason2l@slate.com;
dxxtnfdKfxEq;Rori;McGauhy;rmcgauhy2m@wp.com;
LqgdfKNh9jJx;Colas;Joy;cjoy2n@nasa.gov;
OEMBS96DiFiR;Consolata;Cucinotta;ccucinotta2o@opera.com;
hcjhLggtGgv6;Alwin;Gillyatt;agillyatt2p@wordpress.com;
vdKuh5YMWxP7;Shaylyn;Blackhall;sblackhall2q@facebook.com;
2qXAXfHXnjie;Pippy;Jaulmes;pjaulmes2r@ucsd.edu;
9R59Di4aE0v2;Rollie;Tiner;rtiner2s@nifty.com;
2JSbKI687f0d;Arvin;Gantley;;
fS9DpmBIk0Pi;Alyss;Southam;asoutham2u@state.tx.us;
0dElMe49bRHc;Archambault;Gallegos;agallegos2v@tinyurl.com;
KGYaEm3BWTxt;Julietta;Dilrew;jdilrew2w@hhs.gov;
HBoNZYG6uVUU;Knox;Meggison;;
4F3ezStaXsei;Jodi;Itzkov;;
donNqsgeM0Qx;Faun;Dominici;fdominici2z@jiathis.com;
yrb8uqeO8QQU;Frannie;Duferie;;
UYYuM0OVSvpk;Thaine;Ivanitsa;tivanitsa31@npr.org;
FmDcQx2ICzu7;Ashby;Kaubisch;akaubisch32@patch.com;
nzdBHLH5F6oe;Katy;Scaife;kscaife33@oakley.com;
2skgudqRjZRE;Ninnetta;Rowbottom;;
9igrsbDc0R4F;Chicky;Moreinis;cmoreinis35@tripadvisor.com;
8w49jgFSeAs1;Liv;Alkin;lalkin36@washingtonpost.com;
cRbqBe3NlvOv;Orv;Christon;;
TTmE3ZsytG96;Ax;Taleworth;ataleworth38@aol.com;
wTWLZx2LtTBw;Evangelin;Le Merchant;elemerchant39@unblog.fr;
AdkusTs6sbt0;Gwenette;Rizzone;grizzone3a@yolasite.com;
cp5AJ3mluIP0;Sanson;Maha;smaha3b@ebay.com;
dGOBF3n3sIgr;Alisun;Lorrimer;;
vMUSC53aR3lh;Dean;Eliassen;;
ytVsSFSfjeZA;Kaylee;Goch;kgoch3e@photobucket.com;
qbEW6VHzxzxF;Guenevere;Lavall;glavall3f@moonfruit.com;
bPVEvmJpJVmm;Cordie;Chmiel;cchmiel3g@mlb.com;
ytt5jcKSHHH3;Lyman;Herries;;
1rhvRrXx2GU2;Teodor;Code;tcode3i@nydailynews.com;
rIcCv9JT73Mw;Louella;Osant;losant3j@seattletimes.com;
6XDDpO0ZqyTO;Kai;Comiskey;kcomiskey3k@arstechnica.com;
yNMjLYKpKW58;Johnath;Hovel;jhovel3l@eventbrite.com;
q90t5dMlPJB7;Arty;Feasley;afeasley3m@google.es;
UdEEyCvaUtqY;Edi;Darell;edarell3n@csmonitor.com;
1LMEAM3BG9Bh;Gloriane;Foard;gfoard3o@barnesandnoble.com;
KztbYfUNUhfD;Stanwood;Hollidge;shollidge3p@eventbrite.com;
u7aYwqYW4oUy;Ethe;Alexsandrev;ealexsandrev3q@indiatimes.com;
WDHN16bkXXgk;Iormina;Fussell;ifussell3r@unicef.org;
XLKPZUI733A5;Doy;Canham;;
Dd1ziQK80A0r;Marrilee;Dymoke;mdymoke3t@purevolume.com;
pSV6e5akqXsE;Caria;Wreford;cwreford3u@privacy.gov.au;
La0knHix4Syt;Humfrid;Pagel;hpagel3v@salon.com;
jYVnA2O3BDoF;Burnard;Woodwin;bwoodwin3w@ovh.net;
sgdUewo6f7bL;Madeleine;Aikett;maikett3x@chronoengine.com;
UOgzIqIDWZzH;Drucy;Blenkin;dblenkin3y@deviantart.com;
J71LtBBucfPA;Barron;Braybrook;bbraybrook3z@earthlink.net;
zqqGLZ0L0Kun;Annice;Neve;;
albRpLnxGDQm;Domenic;Lowles;dlowles41@slashdot.org;
JFEziOkoayH3;Daryl;Simkovich;dsimkovich42@ed.gov;
kCDpxV6XN9wZ;Adina;Sumpter;asumpter43@deviantart.com;
ce9ynt7oliR4;Thurston;Arsey;tarsey44@abc.net.au;
PYwpYKTyMWux;Shelby;Sleney;;
FBAHLBDtTTzv;Thelma;Blackie;;
iUoMxMrLBKod;Pippo;Filipson;pfilipson47@quantcast.com;
3dhan3jcoCbX;Fernando;Shevill;fshevill48@desdev.cn;
Y4l5uRD9siXR;Vita;Wybern;vwybern49@weebly.com;
dTERtZdDfSHT;Brock;Mc Gaughey;bmcgaughey4a@google.fr;
RNC0vFcqDAaj;Zola;Montes;zmontes4b@google.com.au;
kFnZMKG6wB5f;Devonne;Scaife;dscaife4c@sakura.ne.jp;
AwE2M5r2rGyo;Delphine;McArdle;dmcardle4d@toplist.cz;
O30p2HgW9wcU;Darrelle;Hans;dhans4e@cocolog-nifty.com;
Aws1qnIuRKPg;Roseanna;Brownsill;rbrownsill4f@cnet.com;
ezI0DnMvp4yy;Dana;Swetman;dswetman4g@google.it;
kDhikGZcsiO5;Gracia;Quaif;;
vIR060joPyBx;Chad;Prise;;
jfZt6MiploTK;Wilmer;Derill;wderill4j@elegantthemes.com;
X5JCw9rkIxgV;Prisca;Wilks;pwilks4k@psu.edu;
joNsgWAlHC5H;Cherilyn;Falconer;cfalconer4l@dailymail.co.uk;
LegEZ81Gp44Z;Lauren;McIlveen;lmcilveen4m@networksolutions.com;
p3X5HN78Onjk;Agnese;Le Fleming;alefleming4n@aol.com;
LomtjULyfbX4;Kristel;Lepoidevin;;
aMedYZzKkNNE;Giordano;End;gend4p@princeton.edu;
lBot2iRq4h9Z;Luke;Simmonds;lsimmonds4q@miitbeian.gov.cn;
3Hh6uwzoI4BI;Hatti;Very;hvery4r@shinystat.com;
EsiI4wh5tSoj;Sharl;Yuill;syuill4s@cisco.com;
VSjmx09Xb0sX;Horace;Sykora;;
T7s7sO9QiU0Y;Chrissy;Skade;;
p912K7zM82Q2;Kristoforo;Springle;kspringle4v@last.fm;
zBywdMLRl53q;Ken;Carslaw;kcarslaw4w@unicef.org;
dRUkiinkEdl3;Marilyn;Mauditt;mmauditt4x@merriam-webster.com;
PVmUrElrxIAd;Jeni;Stiegers;jstiegers4y@rakuten.co.jp;
o1ubiqbz0DmQ;Loree;Tulleth;ltulleth4z@vk.com;
1C555PAznPi2;Debi;Brozsset;dbrozsset50@google.co.jp;
xHqv3gHj3rbB;Cristal;Eldrett;celdrett51@whitehouse.gov;
fys3wCosovFh;Andromache;Farfoot;;
StFfcMKuo4gd;Cristobal;Dimitriades;cdimitriades53@cisco.com;
OJm0iI9MANjh;Falkner;Mannock;;
E5ErNKeqrJ3I;Thorin;Giraudeau;tgiraudeau55@constantcontact.com;
iICzNjb1VBX5;Ward;Cerro;wcerro56@mac.com;
b4rBX6oSq0na;Marys;Vuitton;mvuitton57@wisc.edu;
tbW33bd3Ljru;Georgena;Sturridge;;
nikJFFoWg3lf;Jackquelin;Mathison;jmathison59@google.nl;
XglrchO8gfvq;Lodovico;Edmondson;ledmondson5a@opera.com;
4ooNgWo27dGY;Frans;Bedford;fbedford5b@shinystat.com;
d6IzJMdcLNZ1;Sunny;Coulthard;scoulthard5c@jimdo.com;
fuvaps502Mpy;Mathilda;Lysons;mlysons5d@yandex.ru;
6cyl1EgO9K0r;Verene;Blore;;
RLGfq7MMY4Jb;Fidela;Laurand;flaurand5f@yellowpages.com;
UQScIDS9mm7G;Neall;Hamlyn;nhamlyn5g@sitemeter.com;
Px6ZKQI0lDNi;Pierce;Schlagtmans;pschlagtmans5h@1688.com;
pDPLv0H3sF3a;Rozella;Fritter;rfritter5i@simplemachines.org;
ATI1lEpcUSkC;Peterus;Onn;ponn5j@wisc.edu;
ABG8RvZ5V1w4;Carilyn;Lingner;clingner5k@sakura.ne.jp;
NTrfX2ai4bSt;Carlin;Stailey;;
tpM5oR9fVzAM;Suzy;Faragher;sfaragher5m@yahoo.com;
8mnOU1h37DeK;Kristian;Feckey;kfeckey5n@cdbaby.com;
kotXGDd1wpz5;Bobbye;Stawell;bstawell5o@weibo.com;
wzTDjBIv8KgZ;Teresa;Febre;;
yhPHskxhX9Bd;Edvard;Spieck;espieck5q@skype.com;
Oc6ncpi1Ruoo;Bernita;Gligori;;
DactAJSqc5HZ;Timi;Rein;trein5s@springer.com;
h9bquprmJQyN;Auroora;Bordis;abordis5t@about.me;
qYYziRzmAZ1A;Carter;Symmers;csymmers5u@aboutads.info;
Iv2wUtUyrbm1;Hendrick;Duchenne;hduchenne5v@vkontakte.ru;
qTgkDPeOIkfG;Golda;Croxon;gcroxon5w@1688.com;
JKniMMTq1hGl;Brunhilde;Leghorn;bleghorn5x@skype.com;
6vpYmaEDwDaS;Malanie;Linggood;mlinggood5y@alibaba.com;
ZBTGCgRSrSUl;Joana;Simenel;jsimenel5z@senate.gov;
h4UgsDE9d3OZ;Court;O'Scollee;coscollee60@sphinn.com;
XsfgmaWXqLDu;Jordana;Dungate;jdungate61@com.com;
w12xKq4ZwCFl;Jessee;Dennerly;jdennerly62@miibeian.gov.cn;
zstfrJbMYD8e;Willabella;Morad;wmorad63@cargocollective.com;
zpOplj5z1ssr;Nert;Benger;nbenger64@toplist.cz;
gGNp9c3dlvhQ;Cozmo;Sange;csange65@macromedia.com;
P2sm9o5FSbFl;Joanne;Agglio;jagglio66@cyberchimps.com;
s6ES6vxh5UDg;Alistair;Jordeson;ajordeson67@edublogs.org;
lMIIlrFmsSnI;Pavlov;Minard;pminard68@oracle.com;
ENy6YTPefUJZ;Jan;O' Flaherty;joflaherty69@netvibes.com;
wYxJlUv6glOM;Gaylord;Rospars;grospars6a@nymag.com;
01S4Lg9sF8Dp;Rochella;Iacovaccio;riacovaccio6b@auda.org.au;
h6aQhxwnZi06;Isa;Kenworth;ikenworth6c@zdnet.com;
V1lyDsjcEfcU;Junie;Olanda;;
rca0L9fvQr42;Manda;Flintiff;mflintiff6e@google.nl;
CFG92SJnOpUK;Datha;Hanmore;dhanmore6f@washington.edu;
RXmgtlHWMYFH;Jerry;Meadmore;jmeadmore6g@sitemeter.com;
Ylei1iI2hsVL;Kirby;Dowry;;
INHazU0RnZw4;Berrie;Marquese;bmarquese6i@devhub.com;
uRzXJNCLVdz7;Kelvin;Winfred;kwinfred6j@paypal.com;
5say6FyaW5yi;Jeniffer;Mattock;jmattock6k@nifty.com;
rHXLKb9zFlC1;Thomas;Andreas;tandreas6l@miibeian.gov.cn;
NLRRRdZZWogv;Hilario;Balmer;hbalmer6m@com.com;
g10zHCooX0jf;Prudy;MacVaugh;pmacvaugh6n@amazon.co.uk;
Ela7r3XUmUYD;Davie;Bennell;dbennell6o@yellowpages.com;
68TpsuZpLewu;Ives;Deener;;
GL5AEt1ufmX9;Sheree;Graybeal;sgraybeal6q@xrea.com;
DCMdgyTvYQSy;Nicolea;Ondrak;nondrak6r@gmpg.org;
bMsx0H59jhjF;Kirsteni;Tulloch;ktulloch6s@tiny.cc;
o6gT8u8025bs;Barbara-anne;Slite;bslite6t@microsoft.com;
xl7SYKcCqRWn;Reuven;Winks;rwinks6u@naver.com;
VeS9bdGctFv9;Oren;Ree;oree6v@amazon.com;
YDHbHVAaaqrd;Gwyneth;Inmett;ginmett6w@hexun.com;
59hvT00nRIV3;Murdoch;Jarrold;;
1osKyKBiVHkj;Tamar;Brandin;tbrandin6y@spotify.com;
GE7jGMh0efio;Lorrayne;Nisot;lnisot6z@nifty.com;
S0zakjbHHyZ9;Valry;Natt;vnatt70@sogou.com;
ymhb6IeEDqBr;Odilia;Isoldi;oisoldi71@indiatimes.com;
ow9g9ZvwpAP8;Federica;Daleman;fdaleman72@census.gov;
a0xmPAJpdmiQ;Anne;Whotton;awhotton73@omniture.com;
qMIuBQYmlU9z;Elvina;Shatliffe;;
iN6AaGxVdBpq;Lorens;Fortnum;lfortnum75@marriott.com;
zzz4xySD2sNp;Ulric;Borrie;uborrie76@statcounter.com;
Sah6XwA71EhE;Alastair;Bradshaw;abradshaw77@prlog.org;
qFman80LEd9b;Dwayne;Dumphy;ddumphy78@dell.com;
og4G75Bh5YzV;Brian;Hardington;;
BD2l3r2RSsxO;Cecily;Fairweather;cfairweather7a@slashdot.org;
MEUgW3Wo3GK2;Tabby;Deerness;;
sdRq7PM9s4zv;Ingrim;Maccaddie;imaccaddie7c@istockphoto.com;
AHWwf4dL55Ud;Abelard;Tollow;atollow7d@usgs.gov;
yQ1sGz8OFR3b;Brana;Lubman;blubman7e@ovh.net;
2MH7cMjPyIvJ;Nickie;Veronique;;
3ojj3BTUWyQS;Lorenzo;Barenski;lbarenski7g@washingtonpost.com;
YEXVuATxOfRd;Lonnard;Mathiassen;lmathiassen7h@xinhuanet.com;
P42U0Sw8qIL1;Marilyn;Sivell;msivell7i@sphinn.com;
3ZRoJdUuKiyt;Maureene;Mc Meekin;mmcmeekin7j@chron.com;
fIYQxkDIzuah;Leland;Vaskov;;
VfuYeBkMCutP;Kirsteni;Passion;kpassion7l@ask.com;
V0pGNXXsgtLc;Derward;Coldridge;dcoldridge7m@zimbio.com;
IjQDNYXBAazC;Berke;Wayte;bwayte7n@china.com.cn;
mBmrfjC8BS3L;Benita;Fardoe;bfardoe7o@yale.edu;
04CuHK1ElmYX;Niven;Lghan;nlghan7p@pen.io;
t7MgyFkKnsku;Stefanie;Peret;speret7q@bluehost.com;
m9EpIcK0MZlm;Stacie;Sandes;ssandes7r@foxnews.com;
Ssj1cKk2WVtY;Agosto;Muirhead;;
VI2ozsFgkXRP;Beitris;Proswell;bproswell7t@e-recht24.de;
4yDQdf6wLJ3R;Kori;Wrout;kwrout7u@who.int;
dL86OKprCIgl;Denice;Culy;dculy7v@issuu.com;
tm5J4aY2S17e;Gretel;Haverson;ghaverson7w@craigslist.org;
CPBN1Pkyu67P;Micheline;Dreschler;mdreschler7x@techcrunch.com;
p4GYtvhxrrWF;Rossy;Larkworthy;rlarkworthy7y@buzzfeed.com;
PNpUdLBEDFGE;Cordelia;Annand;cannand7z@mac.com;
P51On3rfzrPQ;Adorne;Dullingham;adullingham80@wordpress.com;
EyJLGRmF9u2k;Maegan;Connikie;mconnikie81@amazon.com;
Uh9jRwT1TiZf;Steffen;Brokenbrow;sbrokenbrow82@cnet.com;
aVfcoZYheMub;Rik;Jugging;rjugging83@nyu.edu;
IOZuVIfJ95xe;Tracie;Rosenschein;trosenschein84@themeforest.net;
IJmntVecEAGB;Georgiana;Dury;gdury85@plala.or.jp;
u8H2plg8BvhL;Aldwin;O'Shiels;aoshiels86@instagram.com;
E6suhgNGfqAu;Christos;Willetts;cwilletts87@census.gov;
iUWLx6BFmWda;Juditha;Klimshuk;jklimshuk88@cnn.com;
UhJKDYFi31Xf;Baldwin;Dungey;bdungey89@infoseek.co.jp;
8Jc7kpM85aMn;Devlen;Chaplin;dchaplin8a@abc.net.au;
jI7RmL1Ijcnw;Romola;Pedrocchi;;
vpXQncSP7xjV;Margalit;Dury;mdury8c@jigsy.com;
y1P8RmxXlL7q;Mordy;Lampe;mlampe8d@intel.com;
Deto0m4qv3uy;Shalna;Worsnip;sworsnip8e@shareasale.com;
NKXizLx3hsG8;Stillmann;Vink;svink8f@biblegateway.com;
rwZoebvkGTpn;Bartholomeus;Scrooby;bscrooby8g@technorati.com;
DXlEgKmuq1zY;Nikola;Prandi;nprandi8h@noaa.gov;
zz2KYSDzGXtL;Nertie;Pendlington;npendlington8i@archive.org;
nGBahkIM8BmH;Mora;Rooke;;
jP0kPcyB4mnW;Sax;Sarten;ssarten8k@comcast.net;
gYw9IUQAZKW8;Alys;Hrachovec;ahrachovec8l@usnews.com;
o2pQefD3dPpC;Dagny;Feore;dfeore8m@topsy.com;
YXb63iaSFA6x;Hartley;Morison;hmorison8n@cdbaby.com;
oYmqyMAQYwV3;Anjanette;Astbery;;
Gy0xDIrokJCW;Alley;Thorp;athorp8p@biblegateway.com;
2xKUOEzUAoXf;Robinia;Streat;rstreat8q@hud.gov;
72fbYMmzfHPe;Joelle;Cornes;jcornes8r@godaddy.com;
g9gAZcD4OQBd;Adan;Siddall;asiddall8s@jimdo.com;
FloISDQUO5Ju;Boy;Kensley;bkensley8t@comcast.net;
fAZXRSOcmKEC;Kacey;Grinyakin;kgrinyakin8u@joomla.org;
iHlTedBPwAiN;Berthe;Petrello;bpetrello8v@noaa.gov;
Zf4EpfzrMq6S;Theodoric;Gilfoyle;tgilfoyle8w@shinystat.com;
VA8m7hBCH6hZ;Arliene;Primak;aprimak8x@nhs.uk;
i27Gds7gbANl;Jourdain;Willarton;jwillarton8y@blogs.com;
q7mAzPpcHO3d;Ardelis;Ivanin;;
ASf1xVCQ4xvZ;Chrissy;Ponting;cponting90@baidu.com;
dAu9oL8XFDdv;Mercedes;Casbolt;mcasbolt91@merriam-webster.com;
LzsDgUT8dqRm;Randolph;Beteriss;rbeteriss92@usa.gov;
0fL9Y46ZyDcA;Brigit;Dunston;bdunston93@huffingtonpost.com;
5FVqQT1bRLBo;Towny;Hiley;thiley94@flavors.me;
V2EfLhza3dyE;Margot;Cleave;mcleave95@elpais.com;
5xyB78xoRsLW;Marcile;Winson;mwinson96@rakuten.co.jp;
3124cxEv4kaZ;Stefan;Von Helmholtz;svonhelmholtz97@scribd.com;
2D7UFeOGL6wz;Janella;Scourfield;jscourfield98@ucoz.ru;
yXB15cGisjAc;Ciro;Kauschke;ckauschke99@house.gov;
jmLximhLsl80;Karisa;McEnteggart;kmcenteggart9a@meetup.com;
Y3DUFq9E8A1V;Katti;Conaghy;kconaghy9b@columbia.edu;
coEhQa3T0Izh;Bob;Kunes;bkunes9c@columbia.edu;
Kcn7w7wrtNb7;Nev;Seccombe;nseccombe9d@sun.com;
SmlrkH2nTbxA;My;Washtell;mwashtell9e@addthis.com;
3Cnko2MTw5Mo;Meredeth;Bisson;mbisson9f@comsenz.com;
WzwF0O4p5IgU;Morena;Tute;mtute9g@smh.com.au;
By3p2sKelWDH;Victoir;Feldon;vfeldon9h@cafepress.com;
Gmwr5bI0tPiU;Jeffry;Mapham;jmapham9i@about.me;
yI4d4C9YNvyf;Pedro;Rizzello;prizzello9j@vimeo.com;
l0BEi2pueURA;Almira;Talmadge;atalmadge9k@people.com.cn;
K5XQX4G9SO1v;Inglis;Style;;
eaujoOhnidYi;Urbain;Yurygyn;uyurygyn9m@virginia.edu;
2QciX4qAPRKv;Hamilton;Morfield;hmorfield9n@facebook.com;
lFuzw9jxL95E;Aldrich;Badman;;
RhrHunvGR1SW;Wittie;Caswill;wcaswill9p@npr.org;
29ujQxKDrA7F;Herculie;Kapelhof;hkapelhof9q@cargocollective.com;
SUNZ8gWRY8Ii;Thomasa;Hibling;thibling9r@smugmug.com;
JBnFhz0eZaxx;Juana;Wohler;;
V4F1g1KF64o0;Tami;Pinkney;tpinkney9t@dot.gov;
nEGjzJIO8t7i;Lela;Placide;lplacide9u@drupal.org;
OqakXskkE7wU;Maggie;Burnsyde;mburnsyde9v@facebook.com;
dJroPwzKUAdh;Thedrick;Muddicliffe;tmuddicliffe9w@pbs.org;
wkdqRW5wC2o6;Harmonie;Sparsholt;hsparsholt9x@irs.gov;
e7YdFgyUolDC;Debora;Roebuck;droebuck9y@exblog.jp;
X5PVO9saLVQ6;Meg;Arrow;marrow9z@google.es;
CsoAJ9mflUW4;Richy;Speere;;
R4CIc3twXMxO;Nappy;Simco;;
JPSlCNvZezPJ;Philomena;Chasmar;pchasmara2@homestead.com;
sfo5Uh43dJta;Christopher;Dobell;cdobella3@kickstarter.com;
zl9bAD55WHVz;Caye;Bottoms;cbottomsa4@nba.com;
djCZzTs1MtTd;Lacy;Bouller;lboullera5@jiathis.com;
NKj1if6HtjU4;Giorgio;Cochet;gcocheta6@cam.ac.uk;
AKzgxSaG8gMU;Yolanda;Gurko;ygurkoa7@printfriendly.com;
h10zNknhidq1;Hartwell;Hartlebury;hhartleburya8@yahoo.co.jp;
sA0mu9Z3Ki19;Nathalia;Ambrogelli;nambrogellia9@woothemes.com;
aKbWlYBsyBgw;Tallulah;Hallihane;thallihaneaa@123-reg.co.uk;
Y3daFMGiiy4D;Inna;Riddick;iriddickab@jiathis.com;
SjkdJPtAhf44;Arv;McComas;amccomasac@theguardian.com;
quyQkezjaZ5Z;Con;McGinly;cmcginlyad@i2i.jp;
BpqohoHEKfwZ;Dalli;Dobbson;ddobbsonae@reuters.com;
EM2iSRCBeOsm;Cassie;Fulloway;;
BqsC30HxZviW;Jaimie;Howarth;jhowarthag@google.ca;
F84jkUYjfRMl;Lisbeth;Norfolk;lnorfolkah@reddit.com;
xZIUTYYaEN7v;Heindrick;Schroter;hschroterai@amazon.co.jp;
DAA4UD5IHTek;Vina;Colisbe;vcolisbeaj@newsvine.com;
vPrEL3BYlT0r;Prudy;Teresa;pteresaak@omniture.com;
JEKpJjGRl3mR;Nestor;Brown;nbrownal@printfriendly.com;
Uw9kveNZn5ae;Christen;Murrill;;
Of9MDbAH6hL2;Florella;Chazotte;fchazottean@si.edu;
9vXTHDfTkTjv;Reinhold;Redmayne;rredmayneao@a8.net;
pVVasfdRUABo;Shayna;Kynan;skynanap@opera.com;
2tehnv0sceQa;Raf;Brinicombe;;
1VaNZZc8LunQ;Darrel;Stobbart;;
AGpFxkqeiPfx;Sibelle;Ganforthe;sganfortheas@latimes.com;
SMKixtRMJiCb;Eugene;Robshaw;erobshawat@odnoklassniki.ru;
kn2yCKi0xf8o;Clarisse;Ewan;cewanau@scientificamerican.com;
wmoW6qrsnJDY;Wylma;Aucourte;waucourteav@sogou.com;
BVeFNIabdxTS;Goldia;Muncaster;gmuncasteraw@forbes.com;
NTvKo69dc7ng;Henrie;Jandac;hjandacax@reference.com;
cr03X609JROT;Gradey;Ingall;gingallay@csmonitor.com;
ufgfxR7mDFu6;Jaine;Fishly;jfishlyaz@tmall.com;
xjeDW0xuPIhI;Lind;Forsdike;lforsdikeb0@irs.gov;
O35YQhf9pv0x;Bridie;Dessent;bdessentb1@tumblr.com;
QW7uY136LFf0;Bobbe;Riddles;briddlesb2@discovery.com;
KALlM9hiMUGq;Cullin;Romagnosi;cromagnosib3@who.int;
JDkvCorId2Np;Rockie;McMylor;rmcmylorb4@microsoft.com;
PB5QNvSTLIDd;Allix;Walker;awalkerb5@npr.org;
ILR71MGAbpYP;Cora;Gerdes;cgerdesb6@ft.com;
ucPzsOATsmQ1;Crissie;Eversfield;ceversfieldb7@clickbank.net;
RUOilD93ip52;Carlie;Dorran;cdorranb8@sfgate.com;
QUpI4MAsnLCQ;Morgun;De la Eglise;;
jlRKyp7PQwLT;Aundrea;Berthe;abertheba@ucoz.ru;
7OyHXu3SiCM7;Reinold;Turnor;rturnorbb@pcworld.com;
jthX19LljNoO;Amelina;Rand;arandbc@ucoz.ru;
IXpIoD8hLmkR;Ethelbert;Sands;esandsbd@pen.io;
wMumz771GoLt;Vite;Gilogly;vgiloglybe@abc.net.au;
G8eRtVChiEit;Gallard;Grahlmans;ggrahlmansbf@yellowbook.com;
hHjRYUwVGeek;Noll;Strongitharm;nstrongitharmbg@cbc.ca;
lPDeQ0xR5TeX;Jennifer;Alldis;jalldisbh@berkeley.edu;
VIP69oiVZx2E;Thomasina;Beslier;tbeslierbi@delicious.com;
9QhUyxnz9VNw;Burch;Bradnick;bbradnickbj@artisteer.com;
QfaH9mGv2SuY;Dael;Stichel;dstichelbk@booking.com;
Y1SWQTqQox3n;Ham;Morgan;hmorganbl@usnews.com;
BdTYdwDtoZ8i;Arlie;Allitt;aallittbm@nytimes.com;
v4E9UJTHzna5;Gwen;Lowle;glowlebn@sakura.ne.jp;
GaxeryOVpLbZ;Miquela;Mussilli;mmussillibo@aol.com;
hnILvo9xmUen;Lyndsie;Phipard-Shears;lphipardshearsbp@answers.com;
WigOlSfTant5;Ches;Thoresbie;cthoresbiebq@oakley.com;
jBbxeSnhVarz;Filberte;Draysay;fdraysaybr@prlog.org;
7M08CE505TzQ;Mufi;Felder;mfelderbs@mapquest.com;
dHGWwaIBoR3P;Maxy;Renac;mrenacbt@bluehost.com;
FOg6PGlNRz8V;Helenka;Denecamp;hdenecampbu@squidoo.com;
Hsc0wMLZeGfP;Vassili;Durnford;vdurnfordbv@npr.org;
1MyV4QrsiC5F;Brittney;Skinn;bskinnbw@dion.ne.jp;
W50zDEceGSus;Lamont;Scrane;lscranebx@dell.com;
Ds3qRQKfeYLA;Lorelei;Daton;ldatonby@shareasale.com;
jva6wWpHNxb6;Catrina;Argente;cargentebz@patch.com;
rhyulJiP1lfG;Timmie;Braybrookes;tbraybrookesc0@huffingtonpost.com;
ONDjgBHiuoxX;Anatollo;Dofty;adoftyc1@bloglines.com;
TBqbwBOzikky;Dennie;Steagall;dsteagallc2@spotify.com;
O6MQ87CWCPcG;Federico;Quinnell;fquinnellc3@scientificamerican.com;
CP9M1CCZzSd2;Doy;Hymus;dhymusc4@eepurl.com;
YkjQWJowrglt;Kittie;Cordrey;kcordreyc5@irs.gov;
mPScH5LM3xuJ;Whitney;Labern;wlabernc6@cocolog-nifty.com;
OLSo5d3XpAcB;Michelle;Patel;mpatelc7@reddit.com;
6APkdlnIUqrN;Jazmin;Muldrew;;
RnZLdo2rPIir;Stevy;Perfitt;sperfittc9@thetimes.co.uk;
L4xgEboaCa2E;Rene;January 1st;rjanuarystca@github.io;
D9qzkfzRIgDi;Desmund;Marsham;;
aRmLGCF46nkl;Giorgia;Alexsandrowicz;galexsandrowiczcc@nba.com;
IU5Za9vKNFsw;Raddie;Roscow;rroscowcd@mashable.com;
H3YobSGx9X7Z;Wake;Bowstead;wbowsteadce@bandcamp.com;
7nEmlMPKOBHA;Dyanne;Ouver;douvercf@so-net.ne.jp;
vg3OXc60asuo;Hodge;Kringe;;
duy8HBn40D4v;Cara;Moakes;cmoakesch@goo.ne.jp;
rQdgylpxmVa2;Nana;Hobbert;;
mfDerNaRwKWp;Belva;Dockree;bdockreecj@nymag.com;
9PLQKuR3S3qt;Eden;Britcher;ebritcherck@prlog.org;
x4XdvY2kupwI;Ethelin;Izkovicz;eizkoviczcl@yellowpages.com;
u5obi7yf04yP;Tricia;Wason;;
xib38HHnb4JS;Oralle;Draysay;odraysaycn@deviantart.com;
daFYsOrjBDIH;Quincey;Greneham;qgrenehamco@dyndns.org;
ItS6pdKTLCK2;Linnet;Aiskovitch;laiskovitchcp@blogspot.com;
1NXh5tHAh2Fg;Johann;Borne;jbornecq@unicef.org;
kB3W3hlzFuoH;Julina;Barts;jbartscr@cisco.com;
wVfbZUkBdnin;Sherilyn;Simester;ssimestercs@gmpg.org;
Vw8kHYoYXgTy;Catharina;Partkya;cpartkyact@cdc.gov;
Ub5x8bQnRIHH;Wright;Pether;wpethercu@exblog.jp;
5WhLFm3I4Yd2;Amandie;Galier;agaliercv@studiopress.com;
oieEkLhzD33f;Mike;Palethorpe;mpalethorpecw@acquirethisname.com;
SACmCk0Te9Lf;Lizzy;Monksfield;lmonksfieldcx@artisteer.com;
AI4CLa7g9Dip;Glory;Mc Andrew;gmcandrewcy@epa.gov;
UTjZaTNgIcmv;Aguie;Trudgeon;atrudgeoncz@usatoday.com;
74nsI124JKQi;Gwenni;Scrimshire;gscrimshired0@123-reg.co.uk;
iRplLUeUYxjc;Gothart;Coare;gcoared1@dyndns.org;
c2fAVyy7x9Tf;Kial;Sweetman;;
magdjNBxOZIe;Brok;Lebbern;blebbernd3@alexa.com;
4Z423Hy0ndVJ;Worth;Presman;wpresmand4@nhs.uk;
BVorJZku0xV8;Saxon;Simmank;;
3eRU3r8bgnWl;Roosevelt;Britch;;
zJGVdg7rI2Es;Una;Mordey;umordeyd7@360.cn;
H7r4itTYveN9;Raimundo;Chanter;rchanterd8@go.com;
v1hh645Dx8qN;Kittie;Leafe;kleafed9@sina.com.cn;
CZgjQRNMqOop;Ari;Banbury;abanburyda@is.gd;
HYf3bcEQUyZk;Erminie;Hudspeth;ehudspethdb@furl.net;
HILagKfRO6gg;Gustave;Bulch;gbulchdc@biblegateway.com;
za1bh8Pr7cEr;Leigha;Egan;;
RzijXPY2yiHA;Benita;Iwaszkiewicz;biwaszkiewiczde@artisteer.com;
HzXOJgG4u0R1;Oliy;Collisson;ocollissondf@auda.org.au;
pS2pjIEgwcNj;Francyne;Ruddin;fruddindg@altervista.org;
dJxRHx7MClZe;Lorne;Claw;lclawdh@ftc.gov;
I1N2W88D6meR;Merilee;Cookson;mcooksondi@senate.gov;
7mGBeGjMP7th;Gibb;Kinsey;;
UYrgHlTIZ9Rg;Everett;Idill;eidilldk@slate.com;
L0mwB4ygBWWR;Dexter;Valde;dvaldedl@dell.com;
VUcygI6fhJzz;Bealle;Dutt;bduttdm@yelp.com;
CnfbOqICr0MF;Obie;Espinas;;
FbHVy6WBDZZ5;Steven;Jakoub;sjakoubdo@networkadvertising.org;
pOT1SMVBbMhV;Kelcy;Dennitts;kdennittsdp@ftc.gov;
E8xun9r0QfUA;Karine;McGillacoell;kmcgillacoelldq@wikia.com;
BlyTOwyuyM6N;Callean;Pash;cpashdr@usgs.gov;
ASrIbUZ15nbl;Sherlocke;Farnin;sfarninds@timesonline.co.uk;
Dcy3iDJwuGgo;Elset;Ibbitt;eibbittdt@guardian.co.uk;
nq8LiTTDgwAP;Tricia;Claremont;tclaremontdu@cam.ac.uk;
tdbVGYg9Z6Dm;Katherina;Mulgrew;;
boqKEM7ROYdI;Otes;Gellan;ogellandw@miitbeian.gov.cn;
wiVfDLTFqTiY;Tedmund;Kosel;tkoseldx@bloglines.com;
CD4FZ7wmhixc;Joyous;Mosdall;jmosdalldy@who.int;
IWunE46o9Kmj;Frederigo;Carden;fcardendz@booking.com;
wXaA3YH3BPJX;Julita;Spooner;jspoonere0@salon.com;
N9tRcbUWV1wl;Berry;Espada;bespadae1@google.com.hk;
dG8u2W5hjKgL;Jeremy;Kryszka;jkryszkae2@over-blog.com;
Qg3JThvsQUCq;Kincaid;Otton;kottone3@godaddy.com;
xJceQqGSP0I8;Elwin;Heeron;eheerone4@icio.us;
7Z8dti7tSchs;Ignazio;Korda;ikordae5@alexa.com;
EjMqYjnllPcC;Alleyn;Loffel;aloffele6@reverbnation.com;
A31dW80Grr18;Selestina;Benfield;sbenfielde7@bbb.org;
kYI4OfXh8o85;Cherri;Ivory;;
oBfzN3QDRgrZ;Ivar;Nice;;
q2bKOPoQmyws;Antonio;Lavalde;alavaldeea@macromedia.com;
C6GIj3Wf23Be;Deerdre;Stoffers;dstofferseb@clickbank.net;
sR5eLSJGElKm;Debor;Brokenshaw;dbrokenshawec@chron.com;
guO7KJT9oAS6;Rebecka;Paradise;rparadiseed@google.co.uk;
RntAyLs9z6c1;Harlen;Marflitt;hmarflittee@wordpress.org;
NWh7WjgjM0ar;Che;Garken;cgarkenef@simplemachines.org;
4qmIaR2jG8VK;Kincaid;McTrustram;kmctrustrameg@weather.com;
pOByg7zjktD9;Nicolette;Hearon;nhearoneh@un.org;
kLaPjuappoFk;Godart;Orcott;;
gCs8LfRW90gH;Sherm;Brafferton;sbraffertonej@imgur.com;
8nVEF4QAsMYL;Dagny;McKearnen;dmckearnenek@bloglovin.com;
HKx3Th0hSWU4;Margy;Dunphie;mdunphieel@nymag.com;
218mkYMvRtwe;Uriel;Guilloneau;;
hvce6QDAezeD;Dalt;Le Maitre;dlemaitreen@list-manage.com;
epayKAMcQ5wF;Katusha;Richfield;krichfieldeo@dedecms.com;
CmiPwLn99zBz;Timmy;Downey;;
vfJyzbcoz0nR;Gale;Giveen;ggiveeneq@fc2.com;
QsjBB8gV1vZS;Lammond;Berecloth;lbereclother@1688.com;
o86aFW08m8Za;Sonja;Brayford;sbrayfordes@reverbnation.com;
CliiMgu6kVX9;Holly;Ginglell;;
GkASK653meMV;Shara;Michele;smicheleeu@networkadvertising.org;
4UGuJJe3K5MP;Ibbie;Crocker;icrockerev@wsj.com;
ozfRnwZKmM4S;Boony;Hatchman;bhatchmanew@shop-pro.jp;
4jgErfzFbDlb;Osbourne;Simonazzi;osimonazziex@webeden.co.uk;
Pd3doH7fgUvL;Idalia;Colnett;icolnettey@issuu.com;
liDfQbOr6Ktu;Koral;Gellan;kgellanez@dedecms.com;
m2hRmu1pPOWz;Asher;Shorey;ashoreyf0@constantcontact.com;
DEtNoPj4Xrjf;Alexandros;Neeson;aneesonf1@ow.ly;
JQFgernshbR7;Benedicta;Kasper;bkasperf2@mlb.com;
pMZeMsHrmAIg;Yardley;Bellas;ybellasf3@google.com.au;
Vig6pIrVE0nW;Wilow;Dedney;;
JWieDwvNLi5g;Robinet;Bengtsson;rbengtssonf5@theatlantic.com;
yRU7X9Qjngvm;Jacklyn;Onele;jonelef6@admin.ch;
RDJXtH7CFsSx;Cassandre;Ramiro;cramirof7@dagondesign.com;
ipLRDElY5Rhd;Jacenta;Karran;jkarranf8@state.gov;
PPfi68jzjr1f;Edsel;Durn;edurnf9@digg.com;
CwnrtI6KZRQ9;Wren;Gallardo;wgallardofa@addthis.com;
ZBvZskWERcrm;Reinold;Dillon;rdillonfb@hp.com;
8KjQdJihAoId;Tiphani;Lombard;tlombardfc@sciencedirect.com;
Sn3akZiO0NVh;Cathryn;Corby;ccorbyfd@ibm.com;
GPYAgk1oY0RF;Ericha;Henrichs;ehenrichsfe@typepad.com;
C4lXiAubhVeu;Sarge;Owthwaite;sowthwaiteff@barnesandnoble.com;
U9qN5v02WvOF;Dyana;Wollard;dwollardfg@patch.com;
33sbLDusgUGr;Karry;Redsall;kredsallfh@deviantart.com;
S8u3CvGVxJ0m;Elston;Mogg;emoggfi@who.int;
4otxsgCOhXa8;Melissa;Endrighi;mendrighifj@reuters.com;
osQqkzTS212f;Constantina;Oldroyd;coldroydfk@economist.com;
HPmTyIXgrU5P;Wernher;Darwood;wdarwoodfl@unesco.org;
olUJfhGAuXBW;Carlotta;Hanburry;chanburryfm@marketwatch.com;
caCPerdYln6e;Warren;Vasquez;;
Xk3bwIijGjCy;Ebba;Bobasch;ebobaschfo@sina.com.cn;
DtpkWSbtjVgI;Boone;Dobbson;;
v1yuLktIEp44;Haskell;Dome;hdomefq@vistaprint.com;
fDZcT7SQ5Jot;Bobbie;Bansal;bbansalfr@amazon.co.jp;
OpL8R1MrHSFN;Marven;Reyne;mreynefs@wsj.com;
xNmDd97cpizt;Vincents;Golly;vgollyft@uol.com.br;
mTQVDVK1Rpz6;Bram;Cutress;bcutressfu@studiopress.com;
BA3gATHcLgJH;Valeda;Purrington;vpurringtonfv@exblog.jp;
xokTZjLr8Ymu;Baxy;Pull;;
ZE4vouA9khMl;Minni;Wilacot;mwilacotfx@foxnews.com;
GVIjeVVgcCbS;Marielle;Chesson;mchessonfy@sun.com;
CLY8OsuZhCjm;Laurie;Crannage;lcrannagefz@nhs.uk;
X6wZgoc7ys5K;Harlene;Seeger;hseegerg0@skype.com;
TBaeVj6ZgUG1;Thornie;Moores;tmooresg1@squidoo.com;
9Nh4y5D5tZTl;Clea;Kliesl;cklieslg2@livejournal.com;
RpSFwHgoqFMO;Margaux;Spere;mspereg3@discuz.net;
oDvPCudQvXmZ;Burr;Woods;bwoodsg4@eventbrite.com;
9u5UpBevh8gq;Terrye;Dibbs;tdibbsg5@istockphoto.com;
1vB8Y43HCuFM;Cari;Stenning;cstenningg6@booking.com;
F3vhws12v5sg;Tyne;Iamittii;;
bAKttWrEiCcE;Beatrice;Stroder;bstroderg8@fda.gov;
HdsuGAtuPoiq;Dale;Creswell;dcreswellg9@google.ca;
pGZ62yaRnVBv;Valeda;Misson;vmissonga@chron.com;
DtVfEdRx2rzD;Irma;Laugharne;ilaugharnegb@pagesperso-orange.fr;
pmYgmsAaWqSZ;Chen;Megahey;cmegaheygc@reverbnation.com;
DGuRTQJHauDI;Sharon;Poulney;spoulneygd@woothemes.com;
NBJDqBFvoc2V;Bendicty;Kingdon;;
RkZDDXsawHyG;Tricia;Estcourt;testcourtgf@blogspot.com;
cYPi1yULMKEn;Lina;Durston;ldurstongg@newyorker.com;
uMgVM6WCV8D9;Philomena;Vinsen;pvinsengh@mozilla.com;
HCmku8lYL9eA;Debee;Gallardo;dgallardogi@seesaa.net;
VDMqpLYsDByf;Gabby;Dench;gdenchgj@i2i.jp;
TNMMJuHW0ffG;Merilyn;O'Hollegan;mohollegangk@creativecommons.org;
8bMrlKGWPNLv;Cullie;Boni;cbonigl@unicef.org;
mSSPDnmZ0ueX;Heinrik;Hegge;hheggegm@infoseek.co.jp;
9ArC22PlEAJ6;Dennis;Dyet;ddyetgn@joomla.org;
DbNdYzWyommu;Jannel;Fletham;jflethamgo@answers.com;
sxlT8S7W8J9U;Dyana;Luciano;dlucianogp@prweb.com;
9XIx2p5HUkPK;Elmo;Loddy;eloddygq@godaddy.com;
BIJTSllEvBO9;Asa;Hallowes;ahallowesgr@mozilla.com;
I6yWt1n2dn6s;Clayson;Mosdall;cmosdallgs@nationalgeographic.com;
RjtJMgerHgLu;Erin;Lashford;elashfordgt@weibo.com;
GVPqFM4quLUz;Natividad;Humpage;nhumpagegu@hugedomains.com;
UtRRGvrOCCIc;Onida;Essame;;
KNnxzAY9v3Zk;Arden;Yitshak;ayitshakgw@eventbrite.com;
4V0UkUVbhgJi;Devin;Rowdell;drowdellgx@oakley.com;
JuhsZgt0oqQm;Sigrid;Van Son;svansongy@theatlantic.com;
C8kMZpDts8zY;Cleon;Hankard;chankardgz@discovery.com;
chpVrhWwJxjV;Tirrell;Duffer;tdufferh0@un.org;
ONFl8xCxeee4;Malinde;Pariso;mparisoh1@nsw.gov.au;
A9utESduCzuY;Olly;Nesbitt;onesbitth2@shop-pro.jp;
mu2hQn1Bo3pq;Saunders;Wyeth;;
XHQD5UgKTldO;Allina;Sellens;asellensh4@dropbox.com;
9DKADX0L58XY;Currie;Hainey`;chaineyh5@mapquest.com;
BA0nXhW3siyZ;Florie;Duffy;fduffyh6@vk.com;
AqVt3XgVCUKN;Hammad;Frankcom;hfrankcomh7@foxnews.com;
BOWS6oSN4hrD;Hiram;MacTague;hmactagueh8@businessinsider.com;
xrCholQWhaFD;Emmaline;Spring;espringh9@diigo.com;
7Dxnolo9sVV3;Enos;Dumke;;
r5THH5LCIfSs;Richard;Ceillier;rceillierhb@freewebs.com;
s0smx2gYNIUF;Jobey;Puttergill;jputtergillhc@arizona.edu;
XobIWG0DE60W;Ag;Worsnip;aworsniphd@timesonline.co.uk;
Icc361OMfT42;Tiler;Rudsdell;trudsdellhe@accuweather.com;
palijMBszIen;Maxie;Snugg;msnugghf@cbslocal.com;
rGXROZ8aSuhJ;Boigie;Whitehorn;bwhitehornhg@google.com;
S5Bv9gM4Lnaf;Kizzie;Whelan;kwhelanhh@comsenz.com;
UZdSWJNsp2at;Celene;Leatherbarrow;cleatherbarrowhi@ted.com;
6R5glyNe4pP8;Brett;Craigmile;bcraigmilehj@telegraph.co.uk;
iRBHDZd8Ict0;Jazmin;Fomichkin;jfomichkinhk@mapquest.com;
MTZJTnmXpz6V;Mohandis;Bozier;mbozierhl@furl.net;
eiNK40ilsayC;Fidel;Canet;fcanethm@comcast.net;
hysXBTTQkARi;Carmina;Laslett;clasletthn@paypal.com;
ShJ4yQaRnm64;Arie;Buckby;abuckbyho@istockphoto.com;
Brty6flua8my;Lucinda;Vellender;lvellenderhp@ebay.co.uk;
Du80ylrUxUqG;Brenden;Tremoille;btremoillehq@va.gov;
8B7vQighD5kT;Gaspard;Moncrefe;gmoncrefehr@vistaprint.com;
PRMmD68rwOy1;Desmund;Iapico;diapicohs@bravesites.com;
Id6z5qBK9lFQ;Kai;Guildford;kguildfordht@blog.com;
u7qaFhbqL3t8;Constantine;Clarke;cclarkehu@webs.com;
sLknqP3HKVWQ;Bernhard;Brownsett;bbrownsetthv@parallels.com;
B3GxmC7LyYHN;Mabelle;MacPake;mmacpakehw@canalblog.com;
1MwG9oaAz4t6;Stephanus;Bartoszek;sbartoszekhx@is.gd;
m3rLCcgSZT3H;Swen;Badam;sbadamhy@hibu.com;
h2tz7cUi99M2;Kenneth;Mirralls;kmirrallshz@ftc.gov;
6a23ZfBU4kUC;Charleen;Swaddle;cswaddlei0@stumbleupon.com;
UhcThzn5r0FP;Roanna;Cogle;rcoglei1@pcworld.com;
aRLWJVqLKWmj;Judah;Mundy;jmundyi2@go.com;
A1ggokiOEi8X;Nara;Friedlos;nfriedlosi3@unesco.org;
YTG9b0dD83sR;Halimeda;Adriaan;hadriaani4@fema.gov;
LCzCLKN97sMz;Mort;Leakner;mleakneri5@hud.gov;
IvmiyFGwgM6t;Denney;Frier;dfrieri6@clickbank.net;
OvU5oMkbh01H;Darcy;Bartali;dbartalii7@msn.com;
uLGEgd4qjhUJ;Grayce;Cunnane;gcunnanei8@engadget.com;
w52AKH5atlPL;Bernie;Jenking;bjenkingi9@admin.ch;
WzSumW6ujf9D;Adore;Finneran;;
QvRv6RsoWk8f;Aeriela;Orfeur;aorfeurib@disqus.com;
Ww6NL82lzXMP;Artus;Dittson;adittsonic@scribd.com;
8kVvEv01tvzt;Sandy;Hiskey;shiskeyid@bigcartel.com;
Jutz0TOELptj;Mag;Huske;mhuskeie@ycombinator.com;
rmvI5PEazNz0;Walt;Jewett;wjewettif@cnn.com;
w89SaLdWrqhy;Panchito;Woodison;pwoodisonig@abc.net.au;
GDaPu5qC10mj;Federica;Pickring;fpickringih@cam.ac.uk;
Yav5C9VfTaCJ;Fraser;Downham;fdownhamii@theatlantic.com;
mJvaD2ncBkAO;Doralynn;Dibnah;ddibnahij@cornell.edu;
QX1YNMO054dG;Glyn;O'Noulane;gonoulaneik@springer.com;
MZvVv6Xmurbm;Teddie;Ord;tordil@1und1.de;
jTnXTo4yUGFk;Fitz;de Wilde;fdewildeim@indiatimes.com;
CFi45hILP6dD;Dean;Roderham;droderhamin@vistaprint.com;
gd523MbRVuMC;Deanna;Craw;dcrawio@unicef.org;
9IXnsj2C07x1;Garold;Girardengo;;
BRPdjZJfE3BK;Viole;Jahnig;vjahnigiq@google.it;
KBOqeuUcl1Aw;Faye;Beurich;fbeurichir@thetimes.co.uk;
629dpaRpP1Ao;Opalina;Sellstrom;osellstromis@go.com;
ej8eqbog3T2S;Percy;Jaine;pjaineit@multiply.com;
CQZaCs3N5eq6;Alasteir;Jaggard;ajaggardiu@mapy.cz;
UrqbhJNyHtea;Gayleen;Leishman;;
9Lg7qaTkmKt1;Konstantin;Brasher;kbrasheriw@timesonline.co.uk;
Sq80R4Klm4gZ;Igor;Menaul;imenaulix@linkedin.com;
JnRvaVfj68Da;Ginnifer;Vasilkov;gvasilkoviy@de.vu;
K1lnz4Hd1q3J;Faulkner;Galway;fgalwayiz@businessweek.com;
OpbNjmO5PWZ5;Franzen;Fogg;ffoggj0@de.vu;
DjAlmcHn6Qvw;Porty;Rocca;proccaj1@eventbrite.com;
xRQ09rEjLDV3;Renaldo;Mardell;;
5w9y39cp5fOk;Gerik;O'Scollain;goscollainj3@fema.gov;
BFf2YKjEKpRt;Eugine;Aronson;earonsonj4@cocolog-nifty.com;
wn4jWOfpoavr;Emmalee;Fausset;efaussetj5@earthlink.net;
hwDj5jqkjorb;Arnold;Catmull;acatmullj6@twitter.com;
uFhSYl8no9KO;Jorry;Gulley;jgulleyj7@w3.org;
BlAPdBBEn2zy;Roxanne;McGraith;;
xG5iBkbBzTYn;Candie;Hickenbottom;chickenbottomj9@bbc.co.uk;
N5RGyQFEImK7;Helsa;Vicker;hvickerja@imgur.com;
EQWojOgkiFyk;Denis;Pedder;dpedderjb@networksolutions.com;
pyrBxyIoaYQs;Filmore;Grinsdale;fgrinsdalejc@sphinn.com;
PhDrmwY9w4GN;Gale;Pittet;;
ZbDJXjgcAG9d;Leta;Mawtus;lmawtusje@topsy.com;
aLnuxj92jOBm;Calvin;Acaster;cacasterjf@mtv.com;
szEoDphghAAQ;Gretel;Gagan;ggaganjg@foxnews.com;
dKGZViBlumWL;Julianne;Wandrich;jwandrichjh@google.cn;
aZiPEJNSy32l;Salmon;Lau;slauji@alexa.com;
vGh1XvjR2MYA;Collete;Cully;ccullyjj@ameblo.jp;
rbyzUPZ8k3cK;Oswald;Bowen;obowenjk@godaddy.com;
Oqj6BXbGgp4o;Don;Murrigan;dmurriganjl@upenn.edu;
xUmHdufpeTUQ;Teodorico;Shama;tshamajm@eepurl.com;
H7szJDFpgsCA;Sharyl;Arons;;
G684YkHs8XTP;Morissa;Falkinder;;
GbpFMzh1Cg3i;Neddy;Orthmann;northmannjp@ycombinator.com;
XA6gytvxyxQm;Benita;Nisbith;bnisbithjq@networkadvertising.org;
1FQJCo9i9uu9;Rudolf;Aggus;raggusjr@reverbnation.com;
LIJpQrfuv3nF;Cate;Walworche;cwalworchejs@about.me;
ndyd29b6bSvw;Simon;Espino;sespinojt@themeforest.net;
NzF0aUIVZRU9;Hansiain;Shrawley;hshrawleyju@businessinsider.com;
3sn29bsQ9nod;Jenna;Oatley;joatleyjv@oaic.gov.au;
XasWh2XVyXRe;Roberta;Cato;rcatojw@tinypic.com;
I1oBL1KopfWI;Zach;Habbershon;zhabbershonjx@blogtalkradio.com;
Dr9U7Oakx6YB;Germaine;Millins;gmillinsjy@blinklist.com;
70uPmOcj5TkG;Rochester;Gedney;rgedneyjz@cnn.com;
KUqM50ESIAyo;Ferne;Lorentzen;florentzenk0@nba.com;
DGg0ncFPuLN1;Germain;Tregidgo;gtregidgok1@deliciousdays.com;
dqW1TzMNTIdI;Norah;Ratlee;;
EWPU5UyrZStl;Marnie;Lightowlers;mlightowlersk3@wordpress.org;
ZxW2oWAJI1ld;Kristen;De Benedetti;kdebenedettik4@microsoft.com;
DSY4yEzhriyA;Chariot;Milesap;cmilesapk5@twitpic.com;
C1Dn9Gvvxa7W;Xymenes;Webborn;xwebbornk6@dropbox.com;
JCbqmIXpTHpg;Meryl;Sayre;msayrek7@shop-pro.jp;
noaPXODiepp0;Haleigh;MacGilmartin;hmacgilmartink8@upenn.edu;
49xiVxgNWGfg;Livia;Spurman;;
sSXb0DFBnucF;Tiffie;Moir;tmoirka@whitehouse.gov;
1g3xUllez5WZ;Letta;Bissiker;lbissikerkb@bluehost.com;
Fpheq9dqspII;Sheffy;Reany;sreanykc@prlog.org;
jnAhTus5JQhG;Gaspar;Sapsed;gsapsedkd@buzzfeed.com;
R8j8Rq0fsMno;Natty;Entissle;nentissleke@google.nl;
jjNjuxi0l1BH;Marlon;Tweedlie;mtweedliekf@army.mil;
ShQjC2Wj57Sw;Elsa;Vedeniktov;evedeniktovkg@google.fr;
96EzJacpPSHa;Nan;Wreight;nwreightkh@angelfire.com;
pRQarmM1aMhR;Pat;Vango;pvangoki@wp.com;
VqpLlgt7cLl9;Kelsi;Knight;kknightkj@ifeng.com;
r3No33ZFyNpf;Roderigo;Scopyn;rscopynkk@bing.com;
Pmdic4UNxQKX;Carlin;Scholl;cschollkl@rambler.ru;
Ok5JrJHZ3j7J;Molli;Hartop;mhartopkm@posterous.com;
6IzK6Ze2v9fn;Johannah;McDarmid;jmcdarmidkn@cargocollective.com;
BgwTpTTfdLzj;Codie;Wreakes;cwreakesko@google.nl;
Vjt2a7g7AsL3;Rowan;Goldberg;rgoldbergkp@fastcompany.com;
NF9rNOYkvV87;Lynnelle;Rivlin;lrivlinkq@google.co.uk;
cTYUQ88RdTFI;Loren;Goldthorpe;lgoldthorpekr@ow.ly;
zqJMLPgaWoJU;Daisy;Panter;dpanterks@mit.edu;
r4t4Ys5n52OQ;Carl;Shotbolt;cshotboltkt@barnesandnoble.com;
3X5tkBomPP2s;Ernie;Pyatt;epyattku@marketwatch.com;
E80WlfX1yq5B;Ruy;Brockie;rbrockiekv@acquirethisname.com;
q4BGEEa4unqi;Gay;Knath;gknathkw@rediff.com;
ufNeHhwAcLJs;Berrie;Pletts;;
e7lsdsgvIv6s;Karole;Peers;kpeersky@independent.co.uk;
58NMDPyNeCZU;Julissa;Pelcheur;jpelcheurkz@sakura.ne.jp;
TTPt4sG4Xsxc;Dale;Amberger;dambergerl0@skype.com;
TInxXnUgvJ1T;Garwin;Sandcraft;gsandcraftl1@github.com;
V6QDGvFroC2v;Tammy;Harbinson;tharbinsonl2@sina.com.cn;
RS4anSxdj9wG;Igor;Van;ivanl3@epa.gov;
ZEDE16yfktb3;Jodi;Inkin;jinkinl4@blinklist.com;
kK1k58f1vTWa;Laureen;Mabon;lmabonl5@bigcartel.com;
QnX8hecVbCUL;Saree;Went;swentl6@statcounter.com;
LFfVHf7q5peK;Leila;Steel;lsteell7@samsung.com;
0metnmfNbsaX;Hazel;Dielhenn;hdielhennl8@shareasale.com;
T35PXyKp3AbI;Maddi;Taft;mtaftl9@typepad.com;
XyjHSQxTgEdK;Ibbie;Urwen;iurwenla@tiny.cc;
7kGQR5t5Gitf;Casar;Engeham;cengehamlb@usgs.gov;
1gJBttozwVVc;Teodor;Letherbury;tletherburylc@feedburner.com;
b1RAOApVR5ol;Bank;Olivia;boliviald@boston.com;
szJ9FS8NCGvR;Andria;Sorrel;asorrelle@aol.com;
yEBvKBHLLMFp;Thain;Traves;ttraveslf@studiopress.com;
uOW5VgDniV70;Stace;Louys;slouyslg@icio.us;
L2raLtASx52O;Hermine;Van der Krui;hvanderkruilh@a8.net;
MhSp4oeqJhlU;Maxy;McCullen;mmccullenli@webmd.com;
qwIfiLxgtCmx;Launce;Bonifant;lbonifantlj@e-recht24.de;
kV4GLvIECqba;King;Kinmond;kkinmondlk@cbslocal.com;
yAYCsYTSdTL8;Shurlock;Minster;sminsterll@cisco.com;
snkHNJNMNnUH;Rebecca;Hosten;rhostenlm@deviantart.com;
Dl72FUQBl0N5;Corette;Pitsall;cpitsallln@disqus.com;
yJBMN2SUIoHM;Ambur;Angeli;aangelilo@linkedin.com;
1ocEqzkFrCqP;Lari;Detheridge;;
fuAX8gc0HCk4;Marigold;Josephs;mjosephslq@last.fm;
8zmh60n2FbYG;Alfonse;Agostini;;
9vTwMVMYdHgR;Laverna;Stainton - Skinn;lstaintonskinnls@vkontakte.ru;
3Srqtyz7i0k7;Bernardina;Lindenman;blindenmanlt@wix.com;
D7aX00Kfu68g;Enoch;Priter;;
q15lzpiUAk7x;Ophelie;Gethyn;ogethynlv@wikimedia.org;
aFS3tbZbdaWU;Amanda;Braunlein;abraunleinlw@wikispaces.com;
NNmEDxg3Askc;Marcelline;Prator;mpratorlx@t.co;
7aYrSiTypKKL;Oralle;Spatari;ospatarily@geocities.com;
sjOgYG66CPNS;Nikaniki;Markie;nmarkielz@cnet.com;
opny5I0qsYgZ;Alyssa;Mea;ameam0@sphinn.com;
TDI0FTzVOASC;Ibbie;Seggie;iseggiem1@multiply.com;
9J7ryLQQsyes;Atalanta;Hundey;ahundeym2@omniture.com;
FRbslss091Ef;Ralf;Haffner;rhaffnerm3@skyrock.com;
Fc0BAIkin5nN;Maddie;Olenikov;molenikovm4@paypal.com;
2bYq70q3wwQd;Angeli;Bonifazio;abonifaziom5@example.com;
fgf46ohc1a65;Enid;Gresham;egreshamm6@hugedomains.com;
7ipsLilSHG1Q;Caitrin;Kimber;;
6hyXOEyiUepq;Amy;Peoples;apeoplesm8@springer.com;
eMVY4pPTSF3B;Hercules;Hillam;hhillamm9@earthlink.net;
AzePLN3bXCBu;Maryjane;Halpeine;;
Cq6lfn0lwPqd;Bordy;Pettengell;bpettengellmb@arizona.edu;
9uUo4GgyrmzK;Giorgio;Davers;gdaversmc@amazon.de;
z2eSXWBCwPaG;Godiva;Haruard;gharuardmd@mit.edu;
W7PWozfyHlAi;Tadeas;Eringey;teringeyme@twitpic.com;
9jTmstDs0mkh;Kerry;Doutch;kdoutchmf@list-manage.com;
z6RPE3R6sTWv;Winston;Symons;wsymonsmg@hao123.com;
ITe8X3lIiBIC;Maxine;Wisedale;mwisedalemh@ycombinator.com;
YKrsYcD7bgei;Kinnie;Hanigan;khaniganmi@msn.com;
XHJXs1fpgOQh;Rafaela;Dunkerley;rdunkerleymj@google.ca;
7lHdKJcFyobJ;Silvia;Cawthera;scawtheramk@va.gov;
4Dbaj0pFFZhn;Avrit;Battershall;abattershallml@lulu.com;
2mtt8eHouOF4;Lorain;Crosston;lcrosstonmm@geocities.com;
XNhbU7umVCSZ;D'arcy;Moncur;dmoncurmn@washingtonpost.com;
OqzumJ31F6dM;Tobie;Lalonde;;
USgK1i4DNCCz;Garey;Hanby;ghanbymp@howstuffworks.com;
pvL1nUoFYgYs;Jeralee;Bellenger;;
Z7gc7pIgHSOU;Kermie;Ivanishchev;kivanishchevmr@angelfire.com;
EORv74S5OWwC;Becky;Putton;bputtonms@ebay.com;
RqyhoO9FdzW1;Pearce;Dabel;pdabelmt@yahoo.com;
DKsCxsrj2Q2Z;Merilyn;Trevett;;
W4vQWoorHnG0;Rey;Flye;rflyemv@europa.eu;
Bnh1sPBzQMC2;Hyacinth;Pleavin;hpleavinmw@scribd.com;
auFb1TedGuZf;Dorthea;Dymocke;ddymockemx@studiopress.com;
vixyxpXlyF7B;Shanda;Matiasek;smatiasekmy@slideshare.net;
J8wVdxNfMWUI;Isador;MacGorley;imacgorleymz@senate.gov;
IpvkcvTmFVj0;Wakefield;Hayen;whayenn0@blogspot.com;
ifdgWhOwkpLa;Della;Hagart;dhagartn1@elegantthemes.com;
GAnPjR3YLEW6;Rupert;Isaak;risaakn2@berkeley.edu;
UGtL5xoIqRrZ;Chevy;Morrowe;cmorrowen3@sitemeter.com;
L1kWIvgoBMzW;Marlena;Sickling;msicklingn4@angelfire.com;
KUbueHTqeGu1;Brittney;Swindin;bswindinn5@comsenz.com;
GpbgRRfxUgak;Bernadette;Worthing;bworthingn6@cargocollective.com;
NKeslib2LyjG;Shannan;Fabry;sfabryn7@artisteer.com;
sxDUfizDxIix;Deloria;Beadel;;
1IxWFmMW1XCk;Cissiee;Stove;cstoven9@bizjournals.com;
CS6NRCkqJjvC;Joaquin;Fairpool;jfairpoolna@51.la;
ePP7IZltmeNJ;Carling;Lubman;clubmannb@oracle.com;
2ngQZ6kvTri1;Nicholle;Hendrickson;nhendricksonnc@army.mil;
r6PT0kEwNYDR;Isador;Leith-Harvey;ileithharveynd@4shared.com;
qSExLgsc7Hd3;Carin;Grevel;cgrevelne@usda.gov;
SV6cMV6bKDT9;Martynne;Maltman;mmaltmannf@google.nl;
L2ynKpFfESZS;Lolita;Tosney;ltosneyng@amazon.com;
JFdnjIM9cZsx;Alvira;Willcox;awillcoxnh@constantcontact.com;
UVRSeyVqfPJ3;Gasper;Chace;gchaceni@phpbb.com;
D9tJ9IIOi6IN;Delia;Dobing;;
3VvWhglj9oXN;Adele;Dyson;adysonnk@spotify.com;
r3KN6tG9bP5C;Hanan;MacFadzan;hmacfadzannl@typepad.com;
lEGdFvGkwMF1;Arron;Frederick;afredericknm@prweb.com;
wCOiakY9dlzK;Sada;Excell;sexcellnn@shinystat.com;
qmGy5L3ta8AR;Giacomo;Wight;gwightno@constantcontact.com;
u949p4f3H3ha;Garvey;Colliard;gcolliardnp@lulu.com;
UvCaQY3eK7Td;Zackariah;Avrahamof;zavrahamofnq@webnode.com;
8p2jn8jJVbNz;Felizio;Mac Geaney;fmacgeaneynr@xrea.com;
1kY4YOrEU1J5;Berny;Semeniuk;;
Nwia6fZjirpz;Bernie;Iacomo;biacomont@g.co;
9j83FEUXbi25;Daphna;Deluce;ddelucenu@acquirethisname.com;
FFXJMzBe290W;Milzie;Dowyer;mdowyernv@examiner.com;
mWxRDeQ2e9im;Natty;Creswell;ncreswellnw@furl.net;
vb3mLlktEDUu;Llywellyn;Janku;ljankunx@reuters.com;
gPcAQYuNw6rO;Inger;Hyslop;ihyslopny@rambler.ru;
BxfpNj81rk7a;Davita;Grenshields;dgrenshieldsnz@mysql.com;
5FZO3PpIwwP6;Sandor;Keppel;skeppelo0@about.me;
4EqUGU7dC6xt;Ciro;Grogono;cgrogonoo1@wisc.edu;
UykHAhMAfC3s;Anna-diana;Hance;ahanceo2@mediafire.com;
7CQrPd5w8Iha;Edmund;Stuchberry;estuchberryo3@qq.com;
Zr60rHlvnP7B;Zita;Bonifazio;zbonifazioo4@phoca.cz;
2cS61j50irga;Claudian;Andreoletti;candreolettio5@infoseek.co.jp;
tJMTSrCil8dr;Elianora;Arnaudon;earnaudono6@loc.gov;
o0jhq1uGd63H;Twila;Amyes;tamyeso7@liveinternet.ru;
SOwLlhCAwybc;Rosalinde;Groucock;rgroucocko8@cnet.com;
20CrexzfQa8t;Maddi;Kidson;mkidsono9@intel.com;
sHHL5qualDM9;Nicolais;Purdy;npurdyoa@wikipedia.org;
dNMXNH9UIkNz;Fremont;Lemmen;flemmenob@microsoft.com;
YnPuSvSELnGS;Elizabeth;Bernet;ebernetoc@dedecms.com;
2q3qHQUalUwa;Hill;Hubner;hhubnerod@hp.com;
SYzioC0Rmoz5;Cyndy;Hullot;chullotoe@globo.com;
VXPwLTuE0v4G;Felizio;Golding;fgoldingof@reverbnation.com;
MTNrcX6MV1Lv;Bryant;Rodinger;brodingerog@discovery.com;
Y0g71kzGEmIm;Phylis;D'Onisi;pdonisioh@desdev.cn;
6ptaJ5wD7ruE;Duffie;Sloegrave;dsloegraveoi@odnoklassniki.ru;
jictjCG5JTR2;Jermain;Straw;jstrawoj@hatena.ne.jp;
CNhESPmCPaZq;Adina;Heater;aheaterok@amazon.com;
URmZsgGx6yNg;Jerome;Farnfield;jfarnfieldol@newsvine.com;
LRY7QzUCpsHA;Cahra;Portman;cportmanom@adobe.com;
F2BV6JZ7eLX7;Oliviero;Hanbidge;ohanbidgeon@walmart.com;
UgTnMa7SUhSw;Sondra;Potts;spottsoo@google.de;
j7DVfYsh0msA;Thaddeus;Blaine;tblaineop@biglobe.ne.jp;
9xlJUDXZxont;Jorey;Grummitt;jgrummittoq@pcworld.com;
2rjO6JDbu9zm;Blaire;Wateridge;bwateridgeor@seesaa.net;
i5wzUd6iwJKi;Calli;Antczak;cantczakos@oakley.com;
eRk62slpL0PN;Wang;Rosellini;;
537O902NkFFs;Aldwin;Baszkiewicz;abaszkiewiczou@constantcontact.com;
hzJmXSbaxM92;Sybila;McLice;smcliceov@time.com;
mi7csLyLLtGs;Thomasa;McCahill;tmccahillow@lulu.com;
KfEoNjh7hVIT;Norina;Durning;ndurningox@w3.org;
MrG0tyD06jSx;Kali;Antoniutti;;
JIFgkLkZuXd2;Anabella;Strathearn;astrathearnoz@nps.gov;
KGA8hP2OJ5Te;Cheryl;Halcro;chalcrop0@icq.com;
ed53gi81IhL8;Louise;Nansom;lnansomp1@google.co.jp;
CngjDii2isHu;Ad;Blue;abluep2@nih.gov;
aWvcyLsqycDT;Hilarius;Macvey;hmacveyp3@gravatar.com;
HndiDMbs8NfD;Lonni;Grosvener;lgrosvenerp4@sohu.com;
vb68T2dlpXY0;Doralyn;Erwin;derwinp5@tamu.edu;
74S6scVM1TrG;Tanhya;Sagrott;tsagrottp6@state.tx.us;
0OAyzLLvJ0xM;Crista;Worgen;;
wcH91dgJVUKh;Francklyn;Jikylls;fjikyllsp8@sourceforge.net;
wM55qlOrxsZa;Pasquale;Orford;porfordp9@businessinsider.com;
9gT1OMuUOpJh;Woodie;Harrison;wharrisonpa@sun.com;
Se3KsWfqQQuZ;Baxter;Elmes;belmespb@surveymonkey.com;
zLk1yTuxaoSG;Car;Croad;ccroadpc@wikispaces.com;
drPPsVGxxwd3;Bernardo;Feifer;bfeiferpd@examiner.com;
vN4vqYNgbyCa;Bathsheba;Greenhalgh;bgreenhalghpe@ibm.com;
H7oh5XPNpprw;Clementine;Brommage;cbrommagepf@businessinsider.com;
Wz53ocdboQx4;Jacquelin;Tollett;;
8K83GjvmYLFW;Charlie;Pressey;;
vCYxHY7vXVoP;Ives;Bairstow;ibairstowpi@constantcontact.com;
rEyeTYQUveZc;Katti;Hoffman;khoffmanpj@a8.net;
wkNQDi60I3Oc;Nichol;Loyndon;nloyndonpk@blogs.com;
2pC8VkGfvG4z;Tobiah;Lonsbrough;tlonsbroughpl@livejournal.com;
yHqyB6xx5ZGb;Jeff;Halling;jhallingpm@hp.com;
kSfpwxBGtLUK;Laurent;Chettle;lchettlepn@baidu.com;
jsGQaHa2XDiN;Bruis;Snawdon;bsnawdonpo@lulu.com;
MfOwTrEMOvNM;Berte;Brownlea;;
BPz4xneduFMv;Worden;Gilders;wgilderspq@facebook.com;
NQveYSKpunWM;Callida;Jeyness;cjeynesspr@omniture.com;
cXWXcZ5hUV7j;Phebe;Pariss;pparissps@mit.edu;
4ELFQ69MFIZu;Grantley;Kynoch;gkynochpt@oakley.com;
cUl5uBOC3Xhb;Tobie;Sammars;tsammarspu@webs.com;
1tpjQiqydRZX;Florrie;Moff;fmoffpv@gravatar.com;
xPOkFNjflsCg;Laurens;Cardoo;lcardoopw@photobucket.com;
YTKNBtjyUbM8;Mada;Sharphouse;msharphousepx@merriam-webster.com;
PkcAaQ0Jj07E;Emlynn;Feek;;
1p8SvocC3EFM;Teddi;Wedge;twedgepz@auda.org.au;
nc3ojj7MHdqK;Sasha;Gleaves;sgleavesq0@wikia.com;
xD6tkJetZje2;Yevette;O'Hallagan;yohallaganq1@nymag.com;
Emo6YW2YLGw0;Meryl;Vurley;mvurleyq2@time.com;
uxfWASdpqaFA;Jenelle;Lennon;jlennonq3@so-net.ne.jp;
NQwRpiA14Q4q;Turner;Luna;tlunaq4@tumblr.com;
bUAGyrOxyRdM;Patrice;Works;pworksq5@msu.edu;
6ypqnNGhXn2S;Evania;Lomond;;
jsps4DnZkTCE;Moses;Haggerty;mhaggertyq7@microsoft.com;
DdYf6mTAffuL;Isidore;Doyle;idoyleq8@ning.com;
DYcemfBagh5I;Marcello;Nicely;mnicelyq9@mayoclinic.com;
Hnf4FaXnry20;Claudelle;Gowling;cgowlingqa@etsy.com;
bG8pCdTmeYsm;Joe;Allport;jallportqb@slashdot.org;
dauvKEfkEG6S;Margalo;Banisch;mbanischqc@newsvine.com;
gFguRavs3plI;Mathian;Rubinlicht;mrubinlichtqd@hp.com;
pfVR1XJHpbWd;Marcile;Jurczak;mjurczakqe@ovh.net;
LCnSNBKTg4ek;Hilliary;Dimitru;;
D0O4OzctTiBq;Waneta;Mustin;;
cta4oTnJjeyE;Elissa;Bocking;;
WJTyVk0KI69H;Miran;Petracchi;mpetracchiqi@europa.eu;
quL4KXw3Egf4;Joell;Muldrew;jmuldrewqj@mit.edu;
Nj77vIy2Gwvi;Sharleen;Wheater;swheaterqk@instagram.com;
plirnP3nugSH;Webster;Lelande;wlelandeql@360.cn;
c5uQ7nhaLGnk;Nicoline;Brewitt;;
n0wl3uMUkLza;Renaldo;Braban;rbrabanqn@who.int;
5L8aihz1EfiW;Jordain;Crissil;;
iVYGDqqWwYjt;Theda;Simmance;;
NLfPAMhWPR91;Theodora;Parmiter;;
vupOwZ0EmZ7a;Mallory;Wellbelove;mwellbeloveqr@cargocollective.com;
vE4RaXJ6sjuL;Alma;Elphinston;aelphinstonqs@hugedomains.com;
kmc7gBIlpnPA;Byron;Molyneaux;bmolyneauxqt@zimbio.com;
XDpK66Q1YLzI;Ranique;Dowber;;
RKBypI8f7FwQ;Alix;Conneely;aconneelyqv@odnoklassniki.ru;
LjSHPah7NUgB;Kalinda;Grafton;kgraftonqw@elegantthemes.com;
ElrxEOGzLSrr;Percival;Norris;pnorrisqx@fema.gov;
xgJkaDnIXyp0;Abeu;Sparke;asparkeqy@answers.com;
Ncd4FE1GaKwk;Leshia;Murden;lmurdenqz@artisteer.com;
Gyet1bqpmRIe;Cly;Siggery;;
OGVSGEkv998Y;Lena;Maryan;;
JNEV3ZklT9Er;Avrom;Newarte;anewarter2@mapy.cz;
6YzPleYdWNmW;Karyn;Cumber;kcumberr3@rambler.ru;
4UNO1CYiZjyf;Florentia;Mora;;
7rwWLDVqCxQJ;Nerty;Samter;nsamterr5@oaic.gov.au;
xlFSEydNFsc0;Westleigh;Cordie;wcordier6@kickstarter.com;
umwIhdHIEk5N;Marmaduke;Cooling;mcoolingr7@tinyurl.com;
E1lEgE6pNqxi;Aaren;Battin;abattinr8@clickbank.net;
AG8cm1SYbwZ3;Ingram;Tamburo;itamburor9@telegraph.co.uk;
Sf8KCuMdp44Z;Daune;McKue;dmckuera@reddit.com;
DGK5Q0V5NXJ2;Nessie;Scrigmour;;
Z7kYIwXHK90j;Saree;Hanse;shanserc@abc.net.au;
mXHzro2jxnm2;Ardelia;Templar;atemplarrd@a8.net;
ebUvRzd1DYqb;Cassey;Salkild;csalkildre@about.com;
FLH4oUBReSyv;Pia;Towson;ptowsonrf@chronoengine.com;
yJpXYQqMouAI;Cash;Weetch;cweetchrg@fastcompany.com;
zaYVVeS7Ftp9;Clay;Slite;csliterh@mashable.com;
6NsO21TyDcsT;Conny;Orts;;
ODDZUncq8BBB;Jason;Ferencz;jferenczrj@google.ru;
E2FrKM2Rvs7h;Morley;Hartas;mhartasrk@slate.com;
C4ovJNv4khYB;Ric;Stoakley;rstoakleyrl@google.de;
kzOJqR20SntU;Clio;Precious;cpreciousrm@liveinternet.ru;
ikee1EvplotW;Ardyce;Palfreeman;apalfreemanrn@illinois.edu;
fpIJ9OPQM7ld;Lita;Denisot;ldenisotro@upenn.edu;
pqQvKT3hkWCL;Casandra;Woolacott;cwoolacottrp@nifty.com;
TvYIepa2lV6P;Flin;Burl;fburlrq@macromedia.com;
0OQ5RVAsG0Di;Clay;Schaumann;cschaumannrr@epa.gov;